uf,race,gerado,pst,eleitorado,total,validos,brancos,nulos,fator,c1,c1_pct,c1_proj,c2,c2_pct,c2_proj,c3,c3_pct,c3_proj
br,presidente,04/10/2026 18:19:31,21.96,158745502,26377493,25289745,430716,657032,4.7596,FLAVIO BOLSONARO,51.07,61472286,LULA,40.82,49139463,ESCRITOR AUGUSTO CURY,2.94,3539570
ac,presidente,04/10/2026 18:22:02,58.19,613742,278522,267882,3196,7444,1.7565,FLAVIO BOLSONARO,64.18,301972,LULA,28.76,135330,ESCRITOR AUGUSTO CURY,3.02,14224
al,presidente,04/10/2026 18:22:32,11.1,2442126,184931,173765,2899,8267,10.5457,LULA,57.56,1054758,FLAVIO BOLSONARO,37.85,693600,ESCRITOR AUGUSTO CURY,2.27,41687
am,presidente,04/10/2026 18:22:03,40.11,2798611,888398,861177,11581,15640,2.5613,FLAVIO BOLSONARO,50.12,1105523,LULA,42.0,926481,ESCRITOR AUGUSTO CURY,4.12,90910
ap,presidente,04/10/2026 18:21:32,26.07,576988,101520,99136,802,1582,4.6169,LULA,50.35,230445,FLAVIO BOLSONARO,42.07,192549,ESCRITOR AUGUSTO CURY,3.81,17461
ba,presidente,04/10/2026 18:22:35,12.84,11312752,1070000,1010967,18509,40524,8.5098,LULA,64.34,5535000,FLAVIO BOLSONARO,29.73,2557945,ESCRITOR AUGUSTO CURY,2.38,204466
ce,presidente,04/10/2026 18:21:33,12.34,6996545,676603,646514,10509,19580,8.7391,LULA,60.43,3414276,FLAVIO BOLSONARO,33.54,1894955,ESCRITOR AUGUSTO CURY,2.54,143671
df,presidente,04/10/2026 18:21:31,86.6,2258320,1569251,1519785,21425,28041,1.1693,FLAVIO BOLSONARO,51.2,909841,LULA,38.18,678604,RONALDO CAIADO,4.8,85390
es,presidente,04/10/2026 18:22:03,56.69,2991650,1292375,1238780,22539,31056,1.8333,FLAVIO BOLSONARO,56.26,1277659,LULA,36.24,822926,ESCRITOR AUGUSTO CURY,2.88,65514
go,presidente,04/10/2026 18:20:53,26.02,5080590,992497,958515,10907,23075,4.0253,FLAVIO BOLSONARO,56.67,2186581,LULA,28.51,1100186,RONALDO CAIADO,11.64,448938
ma,presidente,04/10/2026 18:20:56,19.89,5183115,760862,735012,8483,17367,5.522,LULA,60.31,2447837,FLAVIO BOLSONARO,34.18,1387195,ESCRITOR AUGUSTO CURY,2.23,90328
mg,presidente,04/10/2026 18:22:37,20.9,16372372,2712031,2580315,54415,77301,4.6218,FLAVIO BOLSONARO,49.0,5843713,LULA,41.88,4993997,ESCRITOR AUGUSTO CURY,3.53,421426
ms,presidente,04/10/2026 18:21:32,69.81,2024430,1073306,1037834,15016,20456,1.4416,FLAVIO BOLSONARO,59.85,895403,LULA,33.06,494574,ESCRITOR AUGUSTO CURY,2.75,41130
mt,presidente,04/10/2026 18:22:03,45.47,2637801,919346,893558,9170,16618,2.2621,FLAVIO BOLSONARO,65.17,1317254,LULA,28.72,580595,ESCRITOR AUGUSTO CURY,2.15,43496
pa,presidente,04/10/2026 18:21:35,34.0,6262397,1719185,1647597,21921,49667,2.9606,LULA,47.14,2299463,FLAVIO BOLSONARO,46.09,2248228,ESCRITOR AUGUSTO CURY,2.96,144271
pb,presidente,04/10/2026 18:21:35,59.12,3248531,1534213,1440257,28988,64968,1.7516,LULA,60.79,1533596,FLAVIO BOLSONARO,33.42,843038,ESCRITOR AUGUSTO CURY,2.99,75394
pe,presidente,04/10/2026 18:21:34,15.56,7223450,808135,768899,14049,25187,7.3975,LULA,60.95,3466945,FLAVIO BOLSONARO,33.2,1888354,ESCRITOR AUGUSTO CURY,2.48,140944
pi,presidente,04/10/2026 18:22:34,32.66,2704758,720994,691201,9148,20645,3.0941,LULA,67.64,1446528,FLAVIO BOLSONARO,26.88,574818,ESCRITOR AUGUSTO CURY,2.44,52194
pr,presidente,04/10/2026 18:19:35,59.0,8613657,4020655,3873045,69260,78350,1.7047,FLAVIO BOLSONARO,60.23,3976691,LULA,30.67,2025270,ESCRITOR AUGUSTO CURY,3.18,209758
rj,presidente,04/10/2026 18:22:03,8.07,12857648,703286,672675,12228,18383,14.1794,FLAVIO BOLSONARO,52.64,5021287,LULA,39.84,3800215,ESCRITOR AUGUSTO CURY,2.65,252421
rn,presidente,04/10/2026 18:22:33,23.99,2659825,476305,455275,6789,14241,4.5914,LULA,60.82,1271423,FLAVIO BOLSONARO,33.7,704451,ESCRITOR AUGUSTO CURY,2.77,57989
ro,presidente,04/10/2026 18:22:03,51.7,1265893,516011,503389,5287,7335,1.9388,FLAVIO BOLSONARO,64.26,627202,LULA,28.39,277088,ESCRITOR AUGUSTO CURY,2.95,28743
rr,presidente,04/10/2026 18:17:51,18.1,401521,54760,53557,316,887,6.1283,FLAVIO BOLSONARO,68.12,223579,LULA,27.35,89774,ESCRITOR AUGUSTO CURY,2.01,6588
rs,presidente,04/10/2026 18:20:42,40.26,8522545,2678268,2570761,56005,51502,2.5159,FLAVIO BOLSONARO,57.24,3702266,LULA,34.18,2210434,ESCRITOR AUGUSTO CURY,3.09,199967
sc,presidente,04/10/2026 18:21:33,19.99,5734651,903983,876821,12579,14583,5.1502,FLAVIO BOLSONARO,63.0,2845074,LULA,28.42,1283302,ESCRITOR AUGUSTO CURY,3.08,139116
se,presidente,04/10/2026 18:22:33,21.56,1740135,292743,278976,4643,9124,4.9547,LULA,58.14,803586,FLAVIO BOLSONARO,34.65,478930,ESCRITOR AUGUSTO CURY,3.07,42382
sp,presidente,04/10/2026 18:19:59,11.6,34122892,2910608,2749944,66889,93775,9.1321,FLAVIO BOLSONARO,57.06,14328702,LULA,33.81,8490758,ESCRITOR AUGUSTO CURY,3.4,853180
to,presidente,04/10/2026 18:22:07,73.31,1182023,694499,670041,5900,18558,1.3906,FLAVIO BOLSONARO,50.58,471293,LULA,43.19,402408,ESCRITOR AUGUSTO CURY,2.41,22412
zz,presidente,04/10/2026 18:22:34,62.18,916534,227160,219318,4268,3574,1.6166,LULA,52.29,185398,FLAVIO BOLSONARO,38.11,135133,ESCRITOR AUGUSTO CURY,3.22,11426
ac,governador,04/10/2026 18:21:10,55.29,613316,264878,239532,4865,20481,1.8431,MAILZA ASSIS,49.48,218468,ALAN RICK,30.25,133563,TIÃO BOCALOM,11.41,50387
al,governador,04/10/2026 18:20:41,9.48,2439190,157677,139728,4199,13750,12.3546,RENAN FILHO,51.62,891161,JHC,47.98,828325,LENILDA LUNA,0.35,5980
am,governador,04/10/2026 18:19:04,37.64,2796053,829978,770715,22507,36756,2.7404,OMAR AZIZ,36.4,768702,PROFESSORA MARIA DO CARMO,29.35,619924,ROBERTO CIDADE,19.01,401400
ap,governador,04/10/2026 18:21:10,26.07,576359,101230,95233,565,5432,4.6248,DR. FURLAN,58.96,259684,CLÉCIO,40.83,179822,CARLOS CLEY,0.1,444
ba,governador,04/10/2026 18:20:11,11.24,11304314,933925,859674,23137,51114,9.7375,JERÔNIMO RODRIGUES,52.21,4370650,ACM NETO,47.06,3939696,RONALDO MANSUR,0.54,45260
ce,governador,04/10/2026 18:21:41,12.36,6991044,676314,628611,15863,31840,8.7341,ELMANO DE FREITAS,51.0,2800320,CIRO GOMES,48.3,2651832,DELEGADO HUGGO,0.33,18053
df,governador,04/10/2026 18:21:41,86.63,2243988,1556950,1416250,63401,75694,1.1698,CELINA LEÃO,49.71,824415,LEANDRO GRASS,34.63,574431,PAULA BELMONTE,8.45,140168
es,governador,04/10/2026 18:20:11,53.85,2987584,1223700,1105445,54316,63939,1.9335,LORENZO PAZOLINI,50.53,1079942,RICARDO FERRAÇO,34.39,735108,HELDER SALOMÃO,14.1,301327
go,governador,04/10/2026 18:21:12,26.41,5074870,1004313,927505,38178,38630,3.9703,DANIEL VILELA,57.3,2110140,WILDER MORAIS,23.61,869514,MARCONI PERILLO,9.56,352115
ma,governador,04/10/2026 18:21:12,20.31,5180851,776883,721869,14957,29034,5.4057,EDUARDO BRAIDE,56.53,2239637,ORLEANS BRANDÃO,32.25,1277829,FELIPE CAMARÃO,9.29,367895
mg,governador,04/10/2026 18:18:42,18.09,16361188,2360876,2161939,106243,92331,5.2985,CLEITINHO AZEVEDO,49.71,5695489,PATRUS ANANIAS,27.66,3169173,FLÁVIO ROSCOE,7.85,899851
ms,governador,04/10/2026 18:22:23,71.91,2021869,1105440,978889,58313,68238,1.3983,EDUARDO RIEDEL,67.23,920283,FÁBIO TRAD,23.02,315031,JOÃO HENRIQUE CATAN,7.68,105138
mt,governador,04/10/2026 18:20:43,43.94,2634992,887357,807413,34214,45730,2.3431,OTAVIANO PIVETTA,60.14,1137711,WELLINGTON FAGUNDES,22.64,428280,DOUTORA NATASHA,16.25,307493
pa,governador,04/10/2026 18:21:44,34.14,6258162,1723814,1569749,36234,116829,2.95,DR. DANIEL,52.73,2443160,HANA GHASSAN,43.84,2031393,ARACELI,3.09,142958
pb,governador,04/10/2026 18:21:51,60.06,3241966,1553902,1333694,72660,147548,1.7253,LUCAS RIBEIRO,64.67,1488041,EFRAIM FILHO,24.3,559248,CÍCERO LUCENA,10.52,242172
pe,governador,04/10/2026 18:21:51,15.78,7216989,816860,738314,20268,58278,7.3131,RAQUEL LYRA,53.1,2866844,JOÃO CAMPOS,44.2,2386590,IVAN MORAES,2.22,119606
pi,governador,04/10/2026 18:21:21,31.16,2703064,683864,615973,24298,41742,3.2573,RAFAEL FONTELES,68.21,1372685,JOEL RODRIGUES,29.83,600285,PROFESSOR GISVALDO,0.64,12785
pr,governador,04/10/2026 18:20:16,60.24,8600624,4099614,3761019,159433,178229,1.6691,SERGIO MORO,50.44,3167212,SANDRO ALEX,25.02,1570984,REQUIÃO FILHO,23.44,1471791
rj,governador,04/10/2026 18:18:42,6.13,12842517,528073,453566,23877,33971,18.7837,DOUGLAS RUAS,48.71,4302165,EDUARDO PAES,42.56,3758846,GAROTINHO,3.54,312918
rn,governador,04/10/2026 18:20:44,22.96,2656207,454131,416301,15531,22249,4.8101,CADU DE LULA,37.41,749247,ALLYSON,34.03,681583,ÁLVARO DIAS,28.37,568103
ro,governador,04/10/2026 18:20:45,50.7,1265008,506001,481018,13012,11971,1.9767,MARCOS ROGÉRIO,54.51,518337,HILDON CHAVES,20.66,196460,ADAILTON FURIA,14.67,139533
rr,governador,04/10/2026 18:21:20,19.35,400603,58497,56185,457,1850,5.7214,ARTHUR HENRIQUE,64.71,208025,SOLDADO SAMPAIO,34.26,110132,ROSI AIRES,0.97,3118
rs,governador,04/10/2026 18:21:21,41.04,8516465,2727619,2475951,126237,124594,2.4673,ZUCCO,59.4,3629643,JULIANA BRIZOLA,30.53,1865803,GABRIEL SOUZA,8.39,512626
sc,governador,04/10/2026 18:21:55,20.28,5719541,913515,844189,30856,38470,5.08,JORGINHO MELLO,63.95,2742466,GELSON MERÍSIO,18.57,796402,JOÃO RODRIGUES,15.34,657780
se,governador,04/10/2026 18:23:01,21.7,1737460,292266,243518,10201,27624,4.9515,FÁBIO,58.74,739995,VALMIR DE FRANCISQUINHO,36.71,462552,DR. HELTON,4.29,54085
sp,governador,04/10/2026 18:20:41,12.22,34081699,3063551,2699253,152417,211881,8.6615,TARCÍSIO,67.41,15759622,FERNANDO HADDAD,31.79,7433030,VIVIAN MENDES,0.29,67845
to,governador,04/10/2026 18:22:21,74.2,1180433,701541,620579,18921,62041,1.3742,PROFESSORA DORINHA,46.06,392819,VICENTINHO JÚNIOR,43.26,368922,LAUREZ MOREIRA,8.3,70807
ac,senador,04/10/2026 18:21:10,55.29,613316,529756,399240,21525,32136,1.8431,MARCIO BITTAR,25.01,219483,MARA ROCHA,18.45,161857,GLADSON CAMELÍ,16.14,141652
al,senador,04/10/2026 18:20:40,9.48,2439190,315354,269375,16686,29293,12.3546,ARTHUR LIRA,31.57,1050560,MARINA JHC,26.21,872271,RENAN,24.04,800021
am,senador,04/10/2026 18:19:03,37.64,2796053,1659956,1404630,104986,150340,2.7404,EDUARDO BRAGA,29.15,1121975,CAPITÃO ALBERTO NETO,26.57,1022889,PLINIO VALÉRIO,24.61,947287
ap,senador,04/10/2026 18:21:10,26.07,576359,202460,188342,4189,9929,4.6248,RAYSSA FURLAN,27.71,241397,LUCAS BARRETO,22.65,197313,RANDOLFE,20.58,179300
ba,senador,04/10/2026 18:20:11,11.24,11304314,1867850,1494615,131939,241296,9.7375,RUI COSTA,28.63,4166181,JAQUES WAGNER,26.08,3795318,JOÃO ROMA,20.97,3052267
ce,senador,04/10/2026 18:21:41,12.36,6991044,1352628,1141139,86168,124887,8.7341,CID GOMES,30.01,2992007,LUIZIANNE,28.19,2810443,CAPITÃO WAGNER,21.49,2142871
df,senador,04/10/2026 18:21:41,86.63,2243988,3113900,2769127,169271,171800,1.1698,MICHELLE BOLSONARO,28.9,937381,BIA KICIS,27.37,887656,LEILA DO VÔLEI,21.33,691949
es,senador,04/10/2026 18:22:23,57.64,2987584,2622006,2269087,167635,185284,1.8041,EVAIR DE MELO,25.43,1040799,RENATO CASAGRANDE,24.11,987029,MAGUINHA MALTA,19.01,778185
go,senador,04/10/2026 18:21:12,26.41,5074870,2008626,1713096,139496,156034,3.9703,GUSTAVO GAYER,26.29,1788148,GRACINHA CAIADO,20.65,1404700,DR. ZACHARIAS CALIL,15.4,1047666
ma,senador,04/10/2026 18:21:13,20.31,5180851,1553766,1342870,93764,111891,5.4057,LAHESIO BONFIM,22.31,1625664,FUFUCA,21.25,1548281,ROSEANA SARNEY,15.32,1116091
mg,senador,04/10/2026 18:18:41,18.09,16361188,4721752,3954142,357450,409449,5.2985,DOMINGOS SÁVIO,24.13,5055950,MARÍLIA CAMPOS,20.43,4281574,CARLOS VIANA,16.73,3505413
ms,senador,04/10/2026 18:22:23,71.91,2021869,2210880,1874714,164174,171992,1.3983,REINALDO AZAMBUJA,34.56,905953,CAPITÃO CONTAR,33.54,879309,VANDER LOUBET,13.16,345099
mt,senador,04/10/2026 18:20:43,43.94,2634992,1774714,1557382,97479,119853,2.3431,MAURO MENDES,32.86,1199168,ZÉ MEDEIROS,26.98,984348,JANAINA RIVA,14.33,522803
pa,senador,04/10/2026 18:21:44,34.14,6258162,3447628,3033454,172633,234142,2.95,HELDER,24.53,2200166,DELEGADO ÉDER MAURO,23.51,2109296,ZEQUINHA MARINHO,21.3,1910734
pb,senador,04/10/2026 18:21:51,60.06,3241966,3107804,2499789,251686,356329,1.7253,JOAO AZEVÊDO,33.0,1423282,VENEZIANO,22.65,976761,NABOR,20.46,882505
pe,senador,04/10/2026 18:20:44,14.98,7216989,1553376,1248135,138998,163964,7.6914,HUMBERTO COSTA,26.33,2531792,MARÍLIA ARRAES,24.77,2382348,MENDONÇA FILHO,19.83,1907189
pi,senador,04/10/2026 18:21:21,31.16,2703064,1367728,1109356,94707,154339,3.2573,MARCELO CASTRO,34.39,1253048,JÚLIO CÉSAR O JULIM DO LULA,26.28,957629,CIRO NOGUEIRA,24.33,886555
pr,senador,04/10/2026 18:20:16,60.24,8600624,8199228,6967889,611332,614141,1.6691,FILIPE BARROS,27.4,3188988,DELTAN DALLAGNOL,25.64,2984801,ALEXANDRE CURI,16.31,1898591
rj,senador,04/10/2026 18:18:42,6.13,12842517,1056146,879070,76070,100695,18.7837,CARLOS PORTINHO,26.92,4446330,CARLOS JORDY,24.57,4057789,BENEDITA DA SILVA,20.64,3409244
rn,senador,04/10/2026 18:20:44,22.96,2656207,908262,764352,57978,85932,4.8101,STYVENSON VALENTIM,29.55,1086494,ZENAIDE MAIA,18.67,686427,SAMANDA DE LULA,17.68,649846
ro,senador,04/10/2026 18:20:45,50.7,1265008,1012002,889278,45952,59282,1.9767,DR. FERNANDO MÁXIMO,30.88,553413,BRUNO SCHEID,24.95,447292,SÍLVIA CRISTINA,16.37,293348
rr,senador,04/10/2026 18:21:20,19.35,400603,116994,107188,2509,6057,5.7214,NICOLETTI,20.82,129167,HELENA DA ASATUR,19.95,123737,CHICO RODRIGUES,18.66,115767
rs,senador,04/10/2026 18:21:21,41.04,8516465,5455238,4691399,428314,334595,2.4673,SANDERSON,30.81,3566870,MARCEL VAN HATTEM,30.8,3566194,MANUELA D'ÁVILA,16.39,1897791
sc,senador,04/10/2026 18:21:55,20.28,5719541,1827030,1596079,112983,115567,5.08,CAROL DE TONI,31.87,2587781,CARLOS BOLSONARO,22.87,1857170,ESPERIDIÃO AMIN,16.46,1336672
se,senador,04/10/2026 18:20:20,18.59,1737460,499166,394505,35820,49937,5.8063,ROGERIO CARVALHO,20.65,495671,DELEGADO ALESSANDRO,18.19,436534,DELEGADO ANDRÉ DAVID,17.87,428840
sp,senador,04/10/2026 18:20:43,12.22,34081699,6127102,5073906,491877,560438,8.6615,GUILHERME DERRITE,33.11,14553035,ANDRÉ DO PRADO,31.87,14009362,SIMONE TEBET,16.79,7381901
to,senador,04/10/2026 18:22:22,74.2,1180433,1403082,1205631,67089,128119,1.3742,EDUARDO GOMES,27.29,452902,ALEXANDRE GUIMARÃES,18.95,314582,ELI BORGES,16.88,280158
